﻿<?xml version="1.0" encoding="utf-8"?>
<templates version="3" next-auto-number="2">
  <screen-group name="default">
    <screen-template name="T1" match="cursorZone('[3,7:11]','[4,7:11]') and anchoredMatch('[1,1:6]Login:','[3,1:5]User:','[4,1:5]Pass:')" anchored="True" html-id="auto-component-U_45">
      <logo ishide="False" title="Dimensioning Demo" html-id="themeBanner" html-style="text-align:left;font-family:sans-serif;font-size:20pt;font-weight:normal;font-style:normal;text-decoration:none;color:rgba(60,136,200,1);background-color:rgba(66,66,66,1);"></logo>
      <span-group html-id="added_638162242111964830">
        <display-text start-row="1" start-column="1" value="Volume:" html-id="added_638162227901843472" html-style="font-weight:bold;font-size:16pt;text-align:left;"></display-text>
        <input-field start-row="3" start-column="7" copy-value="[3,7:10]" html-id="added_638162240714311586"></input-field>
        <display-text start-row="1" start-column="1" value="cm3" html-id="added_638162242182513357"></display-text>
      </span-group>
      <context-menu></context-menu>
      <footer html-id="Footer">
        <button start-row="1" start-column="1" value="Capture Volume" on-click="{script:launchZebraDimensioning();}" html-id="added_638162226321356517" html-style="font-size:20pt;"></button>
      </footer>
    </screen-template>
    <screen-template name="global" match="false" anchored="False" html-id="auto-component-BPRN">
      <context-menu></context-menu>
    </screen-template>
  </screen-group>
</templates>